clean_text,sentimen
nyore enak parkir luas model parkir otomatis bayar coffeshop buka jam malam tidak salah harga kopi moderat aman kantong,positif
enak nongkrong olahraga pagi bayar parkir,positif
tempat bagus bersih parkir murah kamar mandi bersih,positif
acara pakai petas berisik,negatif
cocok jogging jalan sehat view adem fresh,positif
olahraga terokee sejogja parkir gampang rapi tata embung bersih tenang segar putar wiken banyakk jajan senam,positif
libur padat lari ganggu jalan moga rute lari jalan parkir panas luas sih,positif
jogging pagi gratis,positif
airy super clean cocok jdi spot jogging bengong bengong sore,positif
estetik siang panas ngopi enak,positif
good,positif
acara ust salim fillah bagus pada,positif
bagus indah,positif
tempat bagus,positif
adequate place to jog,positif
bantu rantau yogyakarta minimal lari pagi joging sore yagesyaa,positif
has such scenic sunset view,positif
happy banget nemu jalan doggy satpam tukang parkir ramah takut tidak pet friendly boleh pake harnes tali pampers tempat bersih nyaman luas,positif
luas bersih suasana sore syahdumau jogging cocok space event moga variasi spacenya yasupaya ruang publik hidup,positif
megah bersih,positif
joging,positif
masuk kesini gratis tiket parkir otomatis kesini ken jogging refreshing suka jalanjalan jemur terik matahari pagi embung tidak luas coffeshop pinggir ngopi ngopi liat pandang banged kemarin ketemu anak anak foto kenangkenangan kelas tidak sengaja sapa temen sd udah puluh tidak ketemu perhati orang ketemu sahabat tidak ketemu sukses reuni dada orang,positif
suka lihat sepuh jogging jalan tidak arah shg takut nyenggol lari,positif
sayang kompetisi langen crito penting publik toilet air mati tidak air loket parkir ilah uang kembali sih customer kasih kembali uang jelek isolasi pegang uang bagus,negatif
coba joging minggu pagi jalur lumayan km enak joggingwalking tidak tiket masuk parkir kendara,positif
bagus bengong hehehe angin adem nyaman santa olahraga tukang parkir peka unjung susah keluar motor menyebrang,positif
main libur lebaran tempat luas adem fasilitas oke parkir luas cocok banget jogging giat seni ngobrol bengong fotofoto oke loh langit sore cakep moga fasilitas publik urus tarik,positif
nya kotor nya tugas siah sampah plastik nya,negatif
lokasi seyogyanya akses parkir area,positif
solusi acara piknik estetik murah riah,positif
jos,positif
alhamdulillah hadir dsini aula representatif giat moga menbawa baik negara warga,positif
moga awat even nasjonal,positif
banget dar santai,positif
cozy place to hangout with others,positif
bagus nyaman,positif
nyaman jogging jalan santai tempat bersih estetik free tiket masuk bayar parkir kendara,positif
cakep tempat,positif
luas nyaman parkir mobil motor luas,positif
bagus enak jogging,positif
na baguscocok joging parkir luaspetugas parkirna ramahcuma sayang na satpamna kurang baikbintang satpamna,negatif
luas bagusskalau sore ramai olah ragayang gedung tanah hujan becek lumpur panas debu belum selesai okee sore bagus,positif
bagus rapi bersihmantap dah,positif
tempat nyaman olah raga pagi sore sy tkp tempat bersih air embung kayak kotorkehijauan alir hilir tidak lancar tempat bersih toilet bersih pintu toilet rusak,positif
bener bener penuh suasana klasik sejarah,positif
obyek wisata wilayah yogyakarta selatan liburweekend ramai kunjung gratis masuk parkir luas,positif
nongkrong oke,positif
bagus bersih,positif
bagus bgtz bangun,positif
estetik,positif
yogyakarta bersih rapi cocok jogging track olahraga,positif
tempat bersih nyaman,positif
mampir karna penasaran track trekkingjogging keliling kesini klompok main angklung orang jogging jalan bagus bersih bayar parkir,positif
warm place,positif
tempat cantik tarik sudut estetik nuansa klasik coba deh kesini tempat oke mantap,positif
cocok event,positif
giat seni bagus olahraga dar cari udara segar nikmat sunset sore cerah tahan bersih,positif
tmpt luas cocok bwt joging,positif
fasilitas tingkat suasana outdoor oke tambah pohon nya graha nya baik lampu toilet tunjuk arah,negatif
trans yogyakarta persis halte cocok jogging jalan langit cerah spot nyore jajan kantin tunjuk seni info jadwal cek ig cocok event area sewa sesuai butuh selasar meeting room amphitheater grha isi selasar indoor concert hall lapang luas manfaat area tata kayak jalan samping grha area barat rumput liar bagus banget mushola toilet parkir luas tugas pintu parkir,positif
nice building for art show,positif
nya bersih rapih guna butuh acara,positif
kompetisi international choral festival yicf tempat luas sayang parkir mobil becek tanah,positif
tempat baguss enak jogging kadang tidak gitu rame sore ngak gitu luas banget,positif
alam tidak enak event event bayar mahal parkir bayar alas bom koordinasi kang parkir cuk main tukang parkir uang masuk mana,negatif
parkir mahal fasilitas zonk air tidak,negatif
enak banget event olahraga tau resto konsep kolam nya,positif
excellent,positif
musholanya bagus bersih nyaman,positif
sejuk nyaman jogging,positif
olahraga fasilitas dukung kamar mandi tidak awat kamar mandi perempuan kunci bilik bilik sedia kamar mandi disabilitas kunci mohon perhati baik,negatif
kunjung tepat acara festival area luas jenis gedung jenis giat ruang teater tunjuk area parkir seberang jalan,positif
asoy tempat syahdu deket venue el metronom kemarin enak nongkrong btw kolam mancing kah hahaha,positif
best view,positif
enak joging jalan keliling kolam byr parkir,positif
joging sabtu sore tempat nyaman,positif
cek ombak tunjuk,positif
parkir ribu jogging lumayan rame sih suka sepi kurang cocok serame tempat bersih tidak sampah,positif
lari sore kesini nyaman area bersih bagus parkir luas ok,positif
jalan pagi enak nyaman hati pinggir kadang licin takut kepleset pekan jualanjgn lupa dilarisin parkir ribu putar kurang km menit jalan cepat kmjam,positif
mantep sih lari muter badan ngos ngosan minggu pagi pasar jajan temen lari hehe parkir motor arah kadang bantu ngeluarin bapak jaga moga rindang mantap,positif
bagus giat pamer grha joging pagi,positif
pintar letak selatan kelola pintar lahan kebun bibit milik dinas tani pesat bangun sebab susut lahan resap air hujan salah upaya kelola air hujan kendali fasilitas sarana prasarana bina olah raga keliling track jogging meter gedung grha gedung pamer lantai panggung buka penting unjung sedia toilet musholla bersih nyaman komunitas beraktifitas giat olah raga pamer seminar dll sewa fasilitas jangkau jogging gratis parkir sepeda motor mobil tempat luas denga biya jangkau ahad pagi pasar minggu umkm saji kuliner murah riah rajin senam dll pokok top deh rutin jogging,positif
malem mancing situ mancing tidak bolehpadahal nggak tebar benih ikan liar pancing bijak rugi wees angel angel,negatif
cocok olahraga ringan jalan kaki,positif
olah raga ringan minggu pagi suasana nyaman sejuk,positif
bersih fasilitas lengkap layan parkir mobil motor ruwet,positif
olah raga pagi momong anak guys,positif
bersih nyaman jogingkrna aktifitas joging dsinipagi sore,positif
tempat luas pol tidak expect lumayan bersihh musholanya nyaman indoor outdoornya recomended banget acara tempat strategis parkir luas tpi sayang tukang parkir kurang ramah oiya deket situ warung makan,positif
cocok joging relax keluarga,positif
bagus tata bangunanya rapi,positif
salah fasilitas pemeritahan yogyakarta bagi gedung entrance milik ruang manfaat galeri mini gedung graha lengkap fasilitas amphitheater ruang indoor amphitheater hall pamer area sisi barat timur sedia dukung aktivitas ruang outdoor fasilitas sedia unjung area parkir latar gedung entrance luas bbrp mobil bus motor fasilitas dukung cakup kios cenderamata musholla jalur pedestrian terang jalan suka masyarakat yogyakarta giat olahraga pagi sore,positif
belum resmi suasana syahdu diskus sore sembari nikmat suasana sejuk mata,positif
cocok olahraga gedung nya bagus,positif
area publik selatan,positif
tempat bagus banget aesthetic foto malem ya,positif
salah bagus jalan pagi jogging,positif
salah destinasi olahraga pagi sorejogging lari pagi pandang bangun model jaman manja mata olahraga tempat bersih luas,positif
kesini jogging bersih asri toilet temen difabel,positif
vibes nya keren banget tidak ramai syahdu banget pagi senja jogging jalan muterin jamin tidak rasa lg olahraga,positif
mantap,positif
tempat nyaman parkir luas tunjuk yogyakarta culture shownya seru,positif
tempat bagus natal tempat bersih belum warungwarung warungwarung aktif minggu sunmore pasar minggu arsitektur bangunanbangunan bagus awat inovatif tarik,positif
undang saksi culture terimakasih,positif
yogyakarta untk nikmat pentas seni olahraga aktivitas momong anak,positif
singgah sebentar fasilitas dalam mushala toilet pakai aktivitas ruang,positif
asik joging,positif
bagus,positif
cocok joging ato jalan santai nikmat pandang jajan live music minggu,positif
sih tempat tidak nyangka auditorium kapasitas kayak skitar org deh halaman super luas parkir mobil leluasa mes becek hujan parkir auditorium,positif
bagus bersih nyaman teater olahraga,positif
luas jalan,positif
place for fun walk or morning joging,positif
ramai libur,positif
olahraga makan jajan sosial syahdu tenan,positif
anyar,positif
bersih nyaman,positif
kesini malem minggu tidak event lenggang tunjuk yogyakarta culture show bagus rame nnton loket buka sampe jam stgh malem dar jalan sekitar bayar tarif parkir nonton tunjuk tiket tempat luas bersih bagus ala bangun belanda gtu tema putih jogging pagi oke banget si foto oke tmptnya instagramable,positif
luas cocok event wedding gathering event olahraga,positif
among all the entertainment choices we chose to experience local culture at the yogyakarta culture show usung jawa mistis cinta komedi banget pilih tunjuk beda had an amazing time the show was super entertaining jadwal informasi beli tiket instagram jogjacultureshow jumat desember kemarin tiket rapi parkir motor rapi mobil rapi kali seru tari drama komedi holidayvibes jogjatrip traveling weekendvibes liburanjogja jogjahits yogyakarta hiddengems cultureshow hospitality,positif
bagus tempat cocok jalan sore suasana nyaman,positif
mode aesthetic,positif
enak olahraga jalanjalan keluarga,positif
kati tinggal wilayah track jogging nya super nyaman nyesel tidak area luas danau keliling track jogging jogging lihat pandang jogging tidak dimintain tiket masuk bayar parkir pakai acara mentas yogyakarta culture show kadang indoor kadang outdoor studio indoornya udah oke banget standar kunjung wisawatan domestik design bangun manja mata sedia toilet mushola warung dalem jual minum makan ringan tidak takut haus lapar tinggal poles dikit rawat tanam banyak udah keren dateng wajib bantu jaga bersih tetep good job penanggungjawab pugar selamat coba,positif
tempat luas tidak event olahraga badminton senam lari,positif
kali kesini nemenin anakanak tempat bagus luas bersih pulang kertas parkir hilang kocek tidak suruh stnk gimana langsung kena denda hatihati parkir jaga kertas struk parkir baikbaik biar nggak kena denda wkwkwkwk tarif jam sangu sing akeh ges,negatif
sayang parkir bayar gratis,positif
seru nyaman jogging lari healing,positif
enak santai giat olahraga,positif
like this place,positif
kali datangin yogyakarta,positif
bagus joging,positif
jalan nikmat pandang,positif
buka langgan olahraga suasana asri pandang cantik tidak lupa nyaman banget toilet tidak takut ngantri jual lupa bawa tumblr jual air minum sarap cobain deh mesti seru,positif
belum food court buka paving tidak jalan sempit joging,positif
tunjuk rutin seru,positif
yogyakarta istimewa,positif
masuknua gratis parkir motor rb jam atas nambah,positif
apik,positif
asik banget refreshing tempat luas adem spot jalan santai dudukduduk lihat kadang acara seni hidup suasana cocok banget quality time bareng keluarga teman fotofoto cantik,positif
suasana bagus olah raga pagi sore tempat luas giat event lokasi fotogenik jaman belanda,positif
olahraga view indah,positif
nyaman joging pagi sore pandang cantik,positif
sewa acara,positif
tunjuk hibur pentas seni cerita fenomena hidup masyarakat alur cerita kemas tarik tidak monoton saran anakanak sekolah mahasiswa,positif
bersih nyaman asa zaman dulukumpul teman dresscode daster foto ngrabukyuswa,positif
parkir jam tarif,negatif
sistem parkir buruk kondisi malam pdhl sewa mahal eh perkara karcis hilang denda ribu tetep kena parkir ribu gasuka,negatif
kelola parkir masuk drop off langsung kena cas rb mana bawah menit free,negatif
sayang banget tmpt udh bgs dropoff mnit ttp hrs byr rb udh rb kali brp mobil dropoff,negatif
nyore jogging pagi nyaman cuaca mendung golong belum pohon rindang masuk gratis bayar parkir,positif
bersih mushola wudhu toilet lokasi nya pisah wudhu,positif
nian olahraga kumpul teman giat positif,positif
nyaman jogging,positif
enak bangett,positif
cocok olga ringan temu warga,positif
bersih luas,positif
tempat cocok joging tipis tetep rame,positif
sayang terap parkir bayar tidak mahal biaya parkir,positif
bagus nan aesthetic suka konsep bangun nya aesthetic parkir luas gratis toilet musholla jga pagi jogging situ tidak espek tempat luas mancing situ jga btw,positif
inisiatif perintah wujud ruang buka hijau tidak ramah lingkung wadah ekspresi seni lokal unjung nikmat indah danau buat tematik area tunjuk seni fasilitas kreatif buka area kembang konsep lestari seni tradisi konservasi lingkung luas ha tbeg kelola upt kelola dinas budaya kundha kabudayan kawasan kembang tahap harap pusat kembang lestari seni lengkap pada desain rancang ciri khas indische klasik warna kawasan cagar tbeg resmi mei gubernur diy sri sultan hamengku buwono auditorium grha ada tbeg harap salah ungkit bangun wilayah sisi selatan,positif
tempat luas parkir luas jaga ramahsuasananya enakbrsih,positif
panas bangetkurang pohon,positif
seru nonton kali drama musikal jawa crt ringanlucu menghiburkeren pokok,positif
kesini udah petang gelap traking joging cocok sih sepi parkir luas kurang nya playground jdi sepi bersih,positif
plg embungtiket parkir hilangkemudian kasih liat stnk motor loket parkirnyatp lgs tidak pakek stnkharus bayar denda rboke lgs bayar rbeehh tidak sampe bayar ajamsh mbak nada bicaranyaditanya jam brp masuknyadicek komputer lamaentah dicekpadahal denda bayar rbsaya pikir bayar lgs beresgak uang etika karyawan parkir bicara nada sopan tidak meninggisaya kecewa layan loket parkirnyapadahal rombong sll olahraga diembungtp tidak kesana lagiterima kasih mbakmas loket parkirlain kali sopan bicara orangkita tidak gratis masuk,negatif
syukur kesini bingung dateng nggak ngejar air mancur museum benteng vredeburg air mancur baik lintas cahaya kurang tarik dapet undang yogyakarta culture alhasil museum cuman bentar trus cus tiket gratis dapet undang sbg komplimen bis yogyakarta heritage ketawa hibur teater malam yogyakarta besok rumah hibur makasih banget,positif
bersih bangun nyaman jalan sore jogging,positif
asik pagi joging jalan malam gedung tunjuk muat muas,positif
instagramable buaut olahraga nyaman sejuk,positif
area budaya nengok konten sliweran instagram kali tanggal oktober malam minggu dateng dapet complimentary invitation yogyakarta heritage track saksi tunjuk yogyakarta culture show kenes tempat oke banget bagus tata area malam cocok nengok tunjuk seni budaya pagi sore cocok banget jogging ngechill sembari nikmat sunset ohh iya lupa bawa uang cash parkir ya kemaren tidak salah baca jam parkir motor mobil sistem parkir mallada karcis bayar so mainmain raguragu ya cus bareng bestie pasang keluarga tidak,positif
nyaman joging nikmat live musik,positif
sayang tidak jogging sore jogging sore ubah bintang,negatif
kesini minggu joging senam seruu bareng ibuibu ramai sayang tidak suka parkir,positif
enak jalan kaki putar km parkir mobil jam,positif
ruang publik gratis banyak cocok jogging siang jogging kurang pohon jogging track matahari langsung hantam kulit siang,positif
nyantai lari bakar lemak luas sejuk foto oke,positif
olahraga ngadain acara seru kaya gin,positif
jumat oktober,positif
tempatbya nyaman olahraga jalan kaki,positif
mukena kurang awat,negatif
kaki banget nonton nama luduruk hahah au kurang tau lucu bangett emang komedi sii harap nonton acara kayak wayang org rama sinta bukan target tapi nonton lucu lepas penat oke bangeet,positif
bagusluas gersangpanas banget siang pohon belum tumbuh rindang,positif
jalan pagi jalan sore oye,positif
jalan sehat nyaman fasilitas pelihara butuh masyarakat kota,positif
gedung parkir akses nungguin jam gila fasilitas perintah kah minimal akses,negatif
mantab tempat luas joging nyaman adnya parkirnyasaya bantu adnya bpk bpk parkirtidak bingung naruh mtr keluarnyaterimkash bpk bpk parkirberkah amin,positif
baik manajemen parkir mobil tidak ramah antri dahulu motor,negatif
venue tidak parkir kendara jalur jalur mobil motor tidak tugas jaga urai antri,negatif
bintang khusus parkir mobil moga baca urus share alam kesini minggu keluarga masuk giat senang terik panas antri mobil bareng motor luama banget ngetnget mobil tidak hadeh depan sampe emosi pintu motor mobil jalan sempit mobil antri bareng motor mobil salip motor nggak sampe pintu saran kesini mending pake motor masuk giat kuliner senang saran loket parkir moga kelola kasih solusi unjung ramai,negatif
alam pagelaran seni bagus,positif
olah raga buru kuliner bersih asik olah raga pagi,positif
tempat bagus parkir luas bangun estetik cocok foto estetik bareng keluarga teman jogging jalan kaki fasilitas ragu toilet musholla estetik mohon maaf mukena wudhu perhati bersih depan,positif
nonton teater ngeri ngeri sedap takut ajak,positif
panas,negatif
lumayan bagus olahraga pagi sore fasilitas musolah toilet arena jual,positif
jogging sni pgi hri minggu pgi blik liat antri kendara panjng antri mna loket keluar kasi bwa sepeda antri panas,negatif
spot jogging yogykarta saji panorama beda keliling view gedung cerah gunung rapi merbabu olahraga tidak rasa cepat lelah fasilitas lengkap lengkap toilet musholla spot foto gedung tenant sayang kunjung tenant tutup minggu tenanttenant buka spot pasar minggu tidak pintu masuk bersih tingkat unjung karna sampah sera spot foto baharu rusak,positif
cocok jogging pagi bayar biaya parkir mobil jam rapi motor rapi,positif
bayar parkir elf bayar,positif
parking system lill bite trouble,positif
ruang publik segar selatan yogyakarta alam aktivitas warga padu harmonis masuk suasana langsung adem tenang bentang keliling pohon rindang jalur pedestrian cocok jogging pagi jalan santai sore tarik hijauhijauan kadang tunjuk seni pamer umkm komunitas lokal giat area buka arsitektur gaya indis elemen tradisional jawa sentuh khas bikin akrab estetik cocok healing tipistipis piknik keluarga duduk nikmat angin ngopi warung ramah anak lansia akses nyaman suasana aman cari tenang hidup pilih senang,positif
sbg sedia pamer tugas siyy,negatif
bagus keren,positif
nyaman jalan jalan pagi sore,positif
jos,positif
temoat jogging tarik kerap pakai acara,positif
kesana event pasar merdeka tempat asyik event event kunjung street food event olahraga zumba konsel sana olah raga sore sore olahraga view,positif
nek udu akamsi opo satpam raoleh melu mancing to wkwk wedi kentekan iwak mas satpam alibi raoleh mancing awak dewe yo mancing neng sisih lor,negatif
tarik joging libur suasana nyaman bersih,positif
tempat luas bagus minus susah temu duduk ngobrol santai pinggir waduk saran mohon timbang alokasi duduk orang senang bercengkrama duduk pinggir waduk tidak keliling waduk tidak sepi unjung mohon maksimal guna bangun gedung fasum buka mohon jam buka event mohon tidak misinformasi manajement bangun sarana pra aarana sdm sda lokasi,negatif
jogging track nyaman jarak keliling komunitas senam rutin senam event gelar pekan pasar minggu jalan jadoel sedia harga bahagia,positif
bagus tempat nyaman dingin dalam ruang luar siang panas kulit,positif
malam sempat tonton tunjuk drama hokse culture park yogyakarta benarbenar senang suasana hangat penuh ceria padu udara sejuk alam tonton nyaman cerita drama tarik bawa alur alir dialog ringan penuh makna main tampil total ekspresi akting hidup tonton bawa suasana cahaya musik iring adegan dramatis tempat nyaman ramah keluarga cocok habis malam hibur kualitas,positif
lumayan acara kita jual buku gitu,positif
kesini jam malam untung tutup jam dibolehin masuk jalan muter trs pulang malam suasana sepi enakk refreshing,positif
bangun khas sirat nuansa natural penuh santun empati,positif
acara seni lokasi lari pagi kursi duduk tidak sedia,positif
nonton kenes beli tiket reservasi online biar tidak habis tempat estetik nyaman nonton tunjuk parkir luas pamer gitu kunjung lawang sewu versi yogyakarta gaya bangun bagus tambah daya tarik,positif
good food,positif
cocok jogging,positif
nyaman santai jogging wisata,positif
tiket gratis nonton yogyakarta culture show yogyakarta heritage track seru tarik,positif
luas sejuk,positif
tengah tepat belah utara terminal keliling buat jalan tata rapi spot foto bagus panggung seni event kuliner minggu ruang parkir luas,positif
enak lari syahdu,positif
nya bersih enak olahraga pagi,positif
tarik syahdu,positif
tempat luas nyaman olahraga pekan parkir lumayan luas toilet mushola yogyakarta butuh ruang buka publik harap moga bersih awat,positif
kunjung even pasar malam indonesia kawasan parkir luas even atas kapasitas tidak pada membludak trotoar bahu jalan kawasan tata amphitheater sisi selatan tanah lapang luas sisi utara bangun grha sisi fasilitas publik toilet mushola sedia lengkap nyaman nikmat suasana malam,positif
sore pentas seni olga sore parkir olga pagi,positif
kesini daa event kadin diy dinas koperasi gojek bagus tempat luas acara seru,positif
sejuk,positif
tempat nyaman sejuk luas pamer parkir aman satpam cocok me time olahraga weekend kadang rame,positif
asik tempat,positif
interesting show,positif
asyik nyoreapalgi tunjuk seni minggu tunjuk seni lihat jadwal instagram nya,positif
udara seger tracing lari jalan nyaman,positif
tempat luas seru culture show nya keren,positif
jalan pagi,positif
event tarik,positif
bagus rapi tidak bau bersih gedung acara panggung amphitheater keren pagi joging,positif
parkir nya gaes bersih nya tracking jalan bagus,positif
tempat asik bersih olga pagi,positif
lumayan luas cocok santa joging even budanya,positif
lokasi indah,positif
enak jogging pagi tempat luas bersih,positif
bagus banget,positif
hawaii service rocks,positif
bagus jogging masyarakat sekitar lainyadisini lumayan nyawan tarik bentuk kelok kelok luas tarik padu gedung aelalu event event ramai suasana yogykarta,negatif
tidak,positif
tempat tarik refreshing jogging,positif
cocok olahragasabtu minggu ramaiskrg parkir bayar,positif
lokasi konsep kawasan selatan luas hektare gabung fungsi konservasi air ruang buka hijau fasilitas apresiasi seni utama jogging track area tunjuk seni fasilitas milik kapasitas air jogging track toilet musala area parkir lampu terang amphitheater outdoor tampung orang rencana bangun graha indoor daya tarik manfaat ruang multifungsi konservasi air olahraga ruang komunitas pusat giat seni aktif giat umkm pamer pasar minggu pagi sunmor jual produk lokal alam unjung ulas online media lokal sosial nyaman jogging foto nikmat acara pandang kesan asri instagramable simpul destinasi madu fungsi lingkung ekonomi lokal cocok olahraga ringan giat komunitas nikmat suasana sore lebih utama ruang multifungsi dukung umkm tantang fasilitas indoor belum sepenuh sedia ulas publik minim,positif
ruang publik madu indah alam fasilitas rekreasi nuansa seni lokasi strategis kawasan destinasi suguh panorama tenang jalur pejal kaki tata rapi kawasan hijau asri fasilitas golong lengkap area duduk nyaman jalur jogging spot foto instagramable favorit olahraga ringan santa panggung giat seni pamer tunjuk muas alam unjung bersih jaga tata ruang rapi suasana ramah keluarga pilih ideal warga lokal wisatawan padu hibur edukasi relaksasi,positif
cakeup tempat luas bersih moga event,positif
info tidak parkir parkir liar mana,negatif
kesana bazaar bukujd yha fokus langsung gedung buru bukuhehhe ok viewnyataman agenda,positif
keren nii org pacar weekend wkwkw kasih odong bebe donk tahan jiwa bocilku,positif
yogyakarta keren,positif
bagus olahraga,positif
siang puanas poll malem indah pake banget,positif
foodcortnya belum buka tempat asik olah raga bareng keluarga rute nya lumaya muter,positif
cocok tonton tunjung seni budayatempatnya nyaman eksotis,positif
bangun bagus,positif
kesini event pasar malam expo daerah rame banget jalan lumayan parkir nyampe kuliner seru makan tradisional sampe modern gaada htm parkir rb ngerasa gerah sana gara gara jalan,positif
bagus luas moga awat cocok ada event,positif
tempat cocok family time tengah jalan kaki lari pagisore weekend diadain event bulan tarik,positif
suasana embung jos,positif
suasana megah asri air tambah segar suasana graha nya megah bau kursi cat nya pasar malam nya dagang angkring mana parkir nya fish market,positif
kunjung event tidak magis nikmat ramai sepi nal event fsy selenggara moga jaga bersih manfaat,positif
kesana bazar buku gedung bagus,positif
dr yogyakarta but was good place yah liat,positif
bagus tempat siang panass banget parkir luas gaada iupannya,positif
asik olah raga jalan kaki nyaman,positif
kesini event buku tau luas embung parkir luas,positif
luas nyaman olahraga musholla parkir luas halte bus trans yogyakarta,positif
tempat luas cocok bikin bazar adem ac central jga pokok love,positif
kesini jalan pagi main badminton enak tempat parkir kendara luas,positif
masuk bengong wow,positif
sport friendly view spot foto tidak bosan,positif
santai nikmat senja,positif
gedung baguss,positif
festival sastra,positif
datang pagi nyaman suasana,positif
is lovely public space there are mosque and public toilet outside the building,positif
tempat luas enak nyantai malam,positif
grha serene escape in beautiful gardens tranquil atmosphere and stunning views perfect for relaxation and nature lovers highly recommended,positif
enak jalan putar kurang langkah pandang bagus,positif
tempat bagus cocok olahraga sedia hall pentas seni,positif
kali main keren sih kayak fasum keren tinggal jogging track kayak bagus deh,positif
oke nihh bwt bikin event jogjakarta akses kab bantul luas kondusif event outdoor indoor,positif
jalan jalan sore enak sih,positif
strategis joging nonton temu dll,positif
salah alternatif joging nyaman joging tracknya pandang bagus giat seni hadir,positif
malem acara gamelan festival tempat emng cocok ngadain event moga usefull kunjung,positif
hidden gem in the city at night is peaceful and scenic escape tucked away in visiting this park at night is truly beautiful experience the calm water of the reservoir reflects the soft lights around creating serene and almost magical atmosphere the walking paths are welit making perfect for an evening stroll or simply enjoying the cool night breeze one of the things appreciate most is how clean and wellmaintained the park is there no litter around and the greenery looks healthy and fresh even in the evening clear that the local community and staff take pride in keeping the park pleasant for visitors whether youre looking for quiet place to unwind or peaceful spot to sit and reflect at night offers just that lovely example of how urban green spaces can be both functional and beautiful,positif
panas air mineral makasih,positif
pasar kangen ahad mohon banyak sampah syukur bikin khusus botol plastik bekas,positif
keren,positif
neng jalan sehat ruang buka hijau rindu warga terimakasih,positif
pagi joging sore nonton tunjuk pamer main manfaat,positif
unjung yogyakarta gamelan festival bangun belum operasi,positif
dar info jogging boleh pagi ya,positif
tempat bersih moga jaga bersih,positif
joging enak banget sejuk daerah,positif
event yogyakarta gamelan festival tempat asik banget gedung concert hall keren,positif
hadir acr festival gamelan tempat enak syg tanah mayan debu rumput kurang rata hati bawa bocil jgn pagar lebar takut jatuh,positif
olah raga suasana tidak crowded better weekdays weekend ramai track jalan lumayan berkelokcocok family,positif
enak bikin ivend,positif
bagus olahraga joging macam santai keluarga enak pagi jam sore jam,positif
cocok jogging jalan pagi kalang usia pgn jogging not recommend weekend krna rame puter jarak meter,positif
lumayan cari situasi beda sport pagi sore tmpt bersih lumayan luas,positif
olahraga nyaman,positif
pandang bagus banget cerah fasilitas tunjang bagus operasional miris bentar banget,negatif
ruang publik mantep dar jogging pagi ramean sejuk no polusi engga bayar parkir running kurang recommend sihh,positif
udah tau jaman bangun tai kesana bagus banget tempat jogging jalan kaki temennya olahraga kesini bawa minum ya pagi belum buka warung hehehe,positif
spot olahraga jalan kaki jogging recommended parkir luas gedung pamer tunjuk seni hawa dingin sejuk spot,positif
lumayan mutere sip olah raga,positif
ruang buka senang anakanak,positif
cocok banget olahraga santai jalan kaki jogging lari muternya luaass banget tempat bersih kurang rindang hias tidak awat banyakin bunga bagus lo titik jalan sempit open pagi sore open mesti rame banget tambah umkm gitu kesana tarik buka sore event deh kayak bersih jaga bersih,positif
kirain free warga cuman sarana bisnis jam kunjung cuman jam an pagi lebih sewa perlu bisnis nama,negatif
asik sih,positif
parkir luas tempat bersih senang jogging tunjuk seni untung dengar main musik gamelan,positif
bangun bersih bagus nuansa kolonial pagelaran kurang cafe makan kopi enak asik nongkrong,positif
tempat cocok jogging track,positif
cantik suasana jalan pagi estetik parkir gratis moga jual spot kedai kosong gabisa jajan,positif
tempatnua bersih cocok mentas liat sunset,positif
tempat luas banget bagus acara kecil,positif
nuansa luas nyaman asri,positif
bagus ifen biar hidip,positif
nyaman rame joging sabtu minggu pagi,positif
salah ruang publik yogykarta hasil madu fungsi ekologis rekreatif kultural lanskap letak wilayah selatan yogykarta contoh konkret ruang publik bas inklusif alami inspiratif model ruang tunjuk alternatif layak jadi inspirasi kotakota,positif
asyik bersihparkir luas yuk,positif
tempat senang jalan kaki pagi,positif
baguss banget,positif
ramai unjung cocok or rekreasi jalan santai sifat jalan bener ngejar hr kurang sesuai lari bbrapa jalur sempit lantai tidak,positif
cocok olahraga lari jalan kaki keliling,positif
awal bagus tambah wisata lokal tambah dana tuk kuat aman bawa anak bahaya air tambah arena main tuk anak anak yak,positif
jalan nyaman area jogging track kondisi conblock toilet bersih parkir luas yogyakarta outdoor kayak gin antusiasme warga pagi kumpul tumpah ruah bagi tengah pakbu keruk biar tidak dangkal lumpur numpuk bikin aroma tidak sedap area utara,positif
jogging sore asik,negatif
bagus jalan santai,positif
public hall fasilitas lengkap amphiteater ruang ganti hall indoor mushola parkir luas track jalan kaki toilet cocok ada acara pentas seni outdoor amphiteaternya,positif
bagus nambah referensi selenggara acara yogyakarta selatan tampil sih lumayan desain ruang audio visual nya sip,positif
tempat lumayan nyaman olahraga jalan kaki weekend ramairamainya tidak nyaman jogging parkir htm free tidak depan moga yogyakarta banyak public places,positif
olahraga jalan jos mantab,positif
bagus tempat jaga bersih lingkung sapras nya tawan,positif
good place good vibe,positif
acara anaksaya initempat estetik tarik foto,positif
tempat jogging lumayan putar dpt km ski si alat ukur kurang akurat toliet mudah temu batas,positif
buka nyaman keluarga,positif
many place in here can go to selasar amphiteater grha and cinderamata store or maybe can jogging in here with view and can sorround this area,positif
nggak pake bayar parkir ni ruang publik ramah desain oke jogging track kualitas suka td nggak pake bayar parkir gin ni ruang publik nggak pelit fasilitas nggak banyak bayar good job,positif
jogging tempat luas bagus bersih nyaman parkir luas lengkap toilet moga jaga bersih,positif
cocok lari pagi dar jalan jalan bersih nya tidak sampah udah saring atas lintas muter km an tidak jual minum pastiin bawa beli dlu parkir gratis,positif
seru jogging tracknya,positif
tugas kantor launching kerja walikota program quickwin nya belum penuh lokasi ready spot tarik kunjung,positif
super duper keren warga yogyakarta grha barusan resmi ngarsa dalem,positif
ngatmo mbilung,positif
bersih nyaman kursi baik,positif
jogging pagi,positif
lumayan jalanjoging pagi tempat hrs banya baik coba tanah kosong bela sedia sarana main anak jdi bawa anak org tua olahraga anak main sy kesana parkir suruh halaman pancing sebrang jalan hrs bayar parkir gratis moga depan bagus,negatif
kali suasana sepi damai adem banget mata sejuk pandang ruang meeting mushola nyaman,positif
publik asri,positif
openingan nihh,positif
tempat baguss cocok jalan santai,positif
enak jogging pagi sayang nggak jogging sore tutup,positif
kesini pagi bt jogging mayan sepi jam atas rame,positif
crowded olahraga weekend,positif
track olahraga muterin bagus bersih sayang sisi utara belum bersih,positif
nyaman enak jogging santa arsitektur keren khas yogyakarta padu gaya kolonial sayang buka pagi moga besok buka sore,positif
kurang maintenance lampu terang banget pecah kurang informasi kurang pohon indang siang situ bener panas gersang banget gitu parkir gaada indang kendara parkir macem jemur pajang bagi rusak jatuh sampah ganggu estetika tempat luas bagus cocok jogging dipagisore tracknya lumayan liku bersih konsep tarik tidak ekspect amphitheater gedung graha saran dibanyakin nanem pohon indang jalur tracking parkir laku maintenance sedia sampah banyak titik kasi macem peta lokasi gitu unjung tau titik sengaja post foto area kurang oke harap baik area moga depan maintenace ya sayang banget dibiarin gitu karna konsep udah bagus banget,negatif
apik biat refreshing,positif
tempat enak banget jogging pagi sore cuman kesan gersang krna jarang tumbuh bersih nyamaan toilet bersih keren banget bangunanya,positif
enak lari pagi,positif
ruang buka warga yogyakarta,positif
area buka publik madu graha keliling bangun jogging track cocok olahraga jalan lari sepeda keliling cocok pagi sore siang terik belum pohon samping graha ruang publik indoor fasilitas tunjang lumayan lengkap kamar mandi toilet mushola parkir luas akses kesini mudah letak tepi jalan utama pusat,positif
favorit jogging bareng besti keluarga bersih nyaman parkir gratis untung liat gagah rapi tidak tutup awan nyaman suasana gk ngebosenin,positif
nyaman foto nongkrong sore malam sayang tidak jajan,positif
cultural center in umbulharjo area across the former clean fish market spacious parking area instagramable structures outdoor area,positif
jogging track nya oke banget sedia toilet musholla parkir gratis,positif
st time kesini lokasi enak jogging tempat santai nyaman rumput hijau bangun putih toilet bersih belakang kurang awat,positif
tempat rumah minggu pagi coba jalan kalkijoging lumayan rame masuk gratis bebas biaya parkir areanyanya lumayan luas cocok olahraga sedia toilet rencana jajan belum buka tahap renovasi,positif
ruang publik pajak masyarakat salah hahahahha mo latih anak anak nari anak biar teduh lapang tegur ijin pusat pintar wkwkwkkwkwkw aduh aduh mewah si,negatif
nyaman jalur jalan kaki lari angin sepoisepoi,positif
yogyakarta ruang buka olahraga nian lokasi strategis parkir luas fasilitas bagus lengkap moga awat unjung jaga bersih buang sampah sedia mohon tambah pohon beberapa titik hijau lebih bagus,positif
enak jalan pagi parkir,positif
jogging nyaman banget free parkir tingal masuk nyelonong track lumayan,positif
tempat bagus senang cocok jadi rekreasi keluarga,positif
bintang usul tuju bintang usul puasa mohon buka jam malam jogging olahraga,negatif
wisata pagi olaraga jalan,positif
moga kembang yogyakarta luas bersih moga pelihara jaga ramah,positif
lumayan bersihsemoga bersihtapi duduk mancing embunghrsnya papan larang mancingada ank mancing pagar keliling halaman parkir lumayan,positif
overall very goodmubeng gembrobyos,positif
manfaat kagem masyarakat,positif
enak olahraga,positif
layout bagus manfaat lahan dulunya sawah harap depan pohon indang nyaman bersih udara dukung tata kelola lanjut alternatif ruang publik,positif
olahraga tipis cocok joging trackingnya parkir luas parkir free mushola tolilet jaga parkiryg arah ramah siang panas ramai,positif
parkir gratis track tidak jembatan hubung shortcut panas pohon belum,positif
lawang sewu gedhe,positif
konsep tarik alternatif wisata olah raga hoby joging lintas pada sayang ribu sayang embung sampah sisi timur utara belum sentuh awat,negatif
tempat bagus,positif
tau joging track cakep bersiih luas nyaman,positif
perdana jalan cepat kmjam,positif
joging pancing,positif
buaguus banget tidak nyangka bagus sayang sampah embung mohon sih,positif
asik joging kitar bentuk nggak karuan putar km langkah menit lumayan panas sih hawa gpp bagus bakar kalori maksimal,positif
lumayan bagus foto sm temen,positif
tbeg harap fasum budaya perhati seksama dinas kait biaya anggar capai puluh miliar tahun fasilitas sarana rusak tidak maintenance perhati tanggung pelihara fasilitas bangga warga yogyakarta warga yogyakarta peduli harap baik manajemen tata kelola maintenance jadwal bangga fasilitas baik giat fasilitas olah raga terimakasih,negatif
parkir luas gratis satpam jaga parkir track jogging lumayan jalan santai menitputaran,positif
bagus sejuk enak jogging parkir gratis,positif
bangun keren tidak nilai,positif
bagus,positif
cocok jalan pagi udara segar parkir gratis,positif
bangun sungguh etnik,positif
track nyaman jogging view gedung,positif
acara event gowes ultah jogya folding bike,positif
suasana malam indah suasana,positif
public space nya luas cocok gelar acara sekolah,positif
fasilitas udah kayak kurang awat,negatif
sampah genang sisi utara,negatif
cocok jogging pagi buka pagi kecuali event,positif
tempat bagus bangunanya benuansa kuno,positif
tempate bagus renovasi bersih,positif
kesini libur gaes mikirnya kek sepi nih tempat wisata taunyaohh tidak rame neng sih liat orangorang sana beneran olahraga lari jalan badminton senam mksdnya area tidak pakai dar nongkrong jual gt kesana tuh bangun gedung jalan licin air hujan ketemu tanah trs sedih area deket air embung penuh sampah bungkus plastik,positif
nyaman olah raga pagi bersih fasilitas parkir luas,positif
cocok joging parkir gratis renovasi,positif
nice,positif
kesini garagara konser gratis kesana bantu nyebrang gampang parkir gratis gaada tiket gatau tiket engga tempat luas parkir luas mobil lumayan muat fotofoto lumayan bagus musholla toilet toilet bersih kaca,positif
joging ter nyaman,positif
kali dtg kesini anak giat pramuka pdtl tempat bagus sayang wkt kesana hujan lebat pagi gk lihat detail insyaallah next time maen kesini,positif
spot olahraga warga selatan,positif
salah wisata keluarga wisata edukasi fasilitas sana jogging trackmushollatoiletparkir luas gratis kegiatankegiatan eventevent musik mini medium tidak sesal wisata,positif
ruang buka hijau luas cocok event event embung luas jogging track nya lumayan gedung bagus moga rawat yogyakarta butuh ruang buka hijau,positif
public wajib kunjung kmrn kesana acara festival sastra tajuk siyaga laksana tgl nov event olahraga jogging jogging track lumayan pjg nikmat pandang kamar mandi bersih musola bersih tahap bangun nikmat indah fungsi byk ruang rapat kelas dr lantai parkir luas tidak pungut biaya masuk olahraga mgkn tambah sampah jaga bersih smga tampung byk event keren seru,positif
kunjung kali benarbenar kesan suasana klasik tenang cocok cari inspirasi sayang bangun fasilitas belum selesai moga bangun cepat unjung nikmat fasilitas rencana festival sastra tambah semarak suasana,positif
tempat bagus cmn sadar unjung kurang tertib buang sampahperlu sedia sampah,negatif
udara sejukdi pagi,positif
bagus tahap kembang kawasan masjid kios tpi belum bukaentertaimen cocok olah raga jogging gathering dll,positif
keren alternatif piknik,positif
seru,positif
salah destinasi wisata edukasi rekreasi tarik kunjung letak kawasan strategis tawar suasana tenang hijau latar waduk indah fasilitas sedia lengkap jogging track area main anak duduk santa unjung nikmat suasana tenang foto berjalanjalan cocok usia keluarga nikmat individu cari relaksasi,positif
pinggir jogjacocok pwnikmat joging jalan jalan pagi lumayan tambah bugar sehat,positif
proyek belum selesai bangun dalam embung tidak kolam tidak tiket masuk buka jam,positif
proses bangun bagus suasana elegan,positif
lihat pentas anak anak,positif
trek joging istimewa indah,positif
cocok jogging,positif
tau kayak gin kayak bangun halaman luas acaraacara tema budaya selenggara belah barat bangun halaman parkir luas mushola toilet belah timur bangun utama mushola bagus bersih toilet bagus luas sayang pakai tidak jaga bersih tinggal bau buang air drainase kamar mandi bukan closetnya kondisi embung belum lihat situ malam hujan,positif
proses bangun,positif
olahraga pagi gratis,positif
bagua foto,positif
bangun belum dbuka parkir luas security akses mudah djangkau,positif
belum buka luas bangun belum selesai untung masuk pagi kadang untung masuk kadang masuk alas kurang masuk akal petugassatpam nya madu rekreasi pentas acara fasilitas gedung luas tempatpanggung outdoor bagus,positif
jogging buka kamar mandi bersih,positif
tempat nyamanparkir luas,positif
tempat asyik syahdu enak olahraga keren deh tidak nyesel,positif
lokasi letak seberang aji saka resto fasilitas sedia wahana main anakanak mushola toilet kualitas tempat bagus murah jadi referensi wisata keluarga harga gratis tiket masuk belum belanja rekomendasi belanja,positif
jogging event deh kayak pekan,positif
seninrabukamis selesai sekolah cucu mampir joging nya lumayan bagus bebas parkir tugas ramah dpt undang literasi gedung nya adem moga depan tahan nunggu selesai bangun gedung belah barat sedia jajan habis joging istirahat nikmatin kuliner annya,positif
cocok intuk jalan pagi sore olahraga moga depan jual makan,positif
layak jalan lari keliling sabtu minggu ramai,positif
bagus joging pagi sore giat seru seru abis lokasi estetik parah love dehh,positif
cabang luas lengkap embungdanau teduh cocok olahraga pagisore dar nongkrong lihat pandang udah acara situ belum skala keliling putar dapet jarak km parkir gratis nggak tau besok alternatif jec mandala krida olahraga,positif
keren,positif
area luas bersih estetik,positif
nya keren,positif
ruang buka publik selatan yogyakarta manfaat olahraga jogging jalan santai sayang fasilitas tidak awat rusa sengaja lampu neng pecah vandalisme area sampah,positif
adem,positif
proses bangun dar jalan pagi klau siang panas cantik klau pohon indang,positif
terimakasih perintah keren estetik foto wisuda moga keren ya,positif
enak olah raga keluarga teman,positif
aduh sayang banget gabisa dipake joging sore,negatif
tempat bersih nyaman,positif
well,positif
ramah disabilitas lokasi tidak tengah buat mudah kunjung kendara apa slbn raya olahraga nasional loh wow tempat luas nyaman estetik parkir luas terimakasih,positif
nongkrong asik,positif
usul kasih saran tolong tiang lampu pindah foto ganggu pandang bangun udah bagus,positif
nyaman,positif
nya bersih nyaman bagus foto,positif
assyk olahraga,positif
bersih tahap bangun,positif
cocok jogging dar jalan pagisore,positif
bagus tempat olah raga tau wisata belum selesai bangun,positif
,positif
pagi,positif
suka tempat padat yogyakarta bangun keren gitu ya bangun sejarah malam malam bagus toilet bersih,positif
bagus proses bangun moga icon yogyakarta,positif
buka jam pagi alhamdulillah sarana giat olah raga masyarakat moga awat bersih maturnuwun perintah pem prop diy tolong tambah alat fitness ringan selatan lapang karang kotagede love full,positif
pretty,positif
luas banget sepi tidak tau sayang buka pagi doang,negatif
tarik kunjungiunik hijau oksigen,positif
area luas acara jarang bangun gedung lokasi aman gampang cari panggung arena acara tunjuk acara umkm cocok parkir luas sore kayak oke dudukduduk momong,positif
bagus parkir luas cocok olahraga giat budaya letak tengah akses mudah fasilitas dukung lengkap kamar mandi batas tambah tidak antre,positif
nyaman kumpul teman keluarga,positif
luas bagus sayang kurang maksimal,positif
tempat bagus bersihenak banget joging pagisaya harap tmpat sampah perbanyaksoalnya lihat utara belum tmpat sampahbiar unjung tidak buang sampah sembarang,positif
keren salah opsi bikin agenda yogykarta sisi selatan proses bangun grha budaya udah bikin acara olahraga jogging tracknya,positif
ok,positif
bagus bersih,positif
luas nyaman,positif
love,positif
wisata jadi tenpat tunjuk pentaspentas seni panghung tunjuk track joging siap temu indoor panggung outdoor,positif
tempat bersih luas,positif
luas cocok jalan jogging dar ngobrol santai,positif
ampitheater bagus,positif
bagus,positif
sepeda sabtu salah daerah giwanganjarak rumah jauhoh iya terminal bus lokasi km lumayan belah kanan jalan samping kantor bpbn habis renovasi besarbesaran bagus milik trek joging lumayan luas kali putar capek milik fasilitas mushola toilet sayang tidak awat tembok kena aksi vandalisme fasilitas rusakembung renovasi orang tidak buang sampah tempat bilang tidak bersih oh iya jalan trek joging amblas panggung hibur masyarakat konser dll minus tidak dudukduduk santai joging oh iya informasi tambah tidak buka nya sabtuminggu pasti kesini sekian review terimakasih,negatif
spot wisata yogyakarta kembang asa selatan pasar beringharjo fungsi utama lestari seni bangun megah banget gaya arsitektur jaman kolonial gedung megah tampung air samping kasih jalur olahraga jalan kaki jogging tempat luas cocok orang tua ajak main anakanaknya belah barat tunjuk buka bentuk tapal kuda desain akropolis yunani gedung utama fungsi mini galeri meeting room dll toilet dongyang tidak lupa parkir luas banget pokok tidak rugi deh main,positif
enak san recomended,positif
tempat indah nyaman walapun lapang kurang tanah nya estetic malam wisata ist the best,positif
bagus awat,positif
syawal perdana sholat idul fitri,positif
security satpam tidak attitude tidak etika tidak dicatcalling tidak ush kesini,negatif
,positif
seru banget tempat ajak anakanak biar puas lari,positif
kerja selesai tinggal nunggu buka,positif
luaas nyamaan,positif
tutup pancing terobos masuk arah moga buka bebas jadi wisata mancing keluarga,positif
butuh baik,negatif
sejuk bgtenak bwt ngisismsh sepirame eventbersih tempat,positif
giat,negatif
still need alot of improvement,negatif
ruang publik bukan joging tutup angeel angeel,negatif
gembok pagernyatempat fasilitas gembok,negatif
,positif
nice place to walk and jog,positif
nikmat wisata bas alam,positif
embung luas trex jalan kaki keliling tanam rindang belum siang panas lokasi dalam yogys,positif
embung bagus smg depan lbh baik lg akses jalan becek bwt event,positif
milik area luas fasilitas jogging track keliling tepi area hijau didalamya luas pakai acara festival yogyakarta salah satu milik akses mudah kawan difabel,positif
nonton festival yogyakarta riah the rain seru banget,positif
cantik luas,positif
gelar festival yogyakarta,positif
rekomendasi jalan jalan sore,positif
asekk,positif
tingktkan peyanan,positif
siang panas,positif
lumayan luas lmyn sepi,positif
alternatif wisata lokal ujung selatan yogyakarta tambah wahana main mjd destinasi wisata keluarga ramah anak,positif
rumput tlng kondisi,positif
in certain point of view there are some corners in this which are not ready to see need to be elevated,positif
rawat,positif
kesini pertaama kali buka yoga sayang bengkalai rusak rumput nya kes horror pendopo lawas,positif
proses bangun,positif
ruang buka hijau bagus acara buka lai,positif
belum buka,negatif
bagus,positif
belum buka tidak masuk tidak lihat nya kesini kecewa,negatif
belum buka,positif
mohon umum ingat sepeda tidak naik keliling masuk tidak ingat diteriakin jaga,negatif
bagus olahraga pagi sayang penuh tanam air,negatif
tahap kembang,positif
bagus banget,positif
bagus bangetwisata kota unjung dlm baharu tenaga tambah bersih tangga belah barat deket kebunnampak kotor,positif
benernya bagus tata kontinyu jgn man trus tidak biaya awat,positif
embung bagus bersih belum buka moga bsk klw buka jaga bersih nya,positif
ikon wisata tema edukasi konservasi air recanannya buka konservasi tabung air panen musim kemarau,positif
thats boss lad,positif
cocok joging,positif
belum nikmat utuh ubah tahap bangun parkir nya susah numpang belah tidak bolehpadahal milik perintah layan masyarakat,negatif
main kesini sampah bawa pulang,positif
mantap,positif
main,positif
rekreasi,positif
pembangunantetapi bagus kedepanyabisa olahraga lari lari,positif
depan moga wisata jangkau masyarakat,negatif
belum proses bangun tahap,positif
olah raga pagi sip,positif
bagus,positif
jogging santai nikmat kuliner,positif
jogging track nya maasyaallahalternatif banget kuat kaki hirup udara segar pagipagi biar tidak keduluan matahari view nya bikin semangat bikin yogyakarta sehat moga bener bener kelola rawat tidak sampah,positif
bangun belum selesai,positif
belum fasiltas keren,positif
tempat bagus jogging track sayang belum buka resmi sampah embung,positif
nice,positif
badan masukin sepeda celah fish market bawa kendara orang parkir pintu belah barat rute google map moga bukan proyek mangkrak alternaltif tambakboyo update tanggal oktober iseng udah tutup palang masuk kudu angkat sepeda,positif
bagus meliukliuk treck jalan bagus bagus terapi jalan alas kaki akses jalan masuk belum pada fasilitas belum pada toilet cuci tangan rest area,positif
bagus deket rumah simbah,positif
belum enak jogging sorry tidak sempet foto,positif
kisah indah burung volvo,positif
lumayan tracknya putar,positif
cocok joging mash sepi belum ad jual,positif
joging track mantul,positif
area luas olah raga pagi sore dar nyuapin anak jalan keliling kolam tingkat imun susah jarang cari olahraga buka yogyakarta trek jogging lumayan nyaman putar dah keringat belum resmi buka bbrpa warga numpang olangraga jemur momong suapin anak main layang mancing dukung manfaat maksimal buka area,positif
belum buka bangun belum selesai rancang desain keren embung luas panjang,positif
maret isengiseng nyari lokasi gmaps dapet rute rumah mblusuk dikit kebon akses pintu tralis sepeda motor tidak masuk sore pakai main layang anakanak bapakbapak mancing dapet ikan jogging pagisore oke banget lihat belum sedia sampah terang lampu area proyek bangun moga selesai biar tongkrong deket rumah hahaha,positif
bagus,positif
belum tata rapi proyek mangkrak akses susah rumah pintu masuk pager orang gemuk jamin nyangkut sampah depan,negatif
bagus cuman akses masuk blom adkurang pohon,positif
moga cepet biar jogging sana nggak,positif
kurang hijau pohon rumput tidak,negatif
letak utara jalan tegalturi tepat fish market lokasi belum buka tahap bangun foto ambil main sawah tengok hehe,positif
dah destinasi wisata daerah giwangansemoga cepat selesai bangun,positif
